{"stats":{"minecraft:crafted":{"minecraft:dark_oak_slab":228,"minecraft:dark_oak_pressure_plate":20,"minecraft:dark_oak_stairs":64,"minecraft:diamond_axe":1,"minecraft:crafting_table":1,"minecraft:ladder":3,"minecraft:stick":4,"minecraft:chest":2,"minecraft:furnace":1,"minecraft:dark_oak_trapdoor":2,"minecraft:dark_oak_planks":336},"minecraft:picked_up":{"minecraft:dark_oak_sapling":7,"minecraft:stick":6,"minecraft:crafting_table":4,"minecraft:dark_oak_slab":14,"minecraft:stone":2,"minecraft:ladder":1,"minecraft:diamond_sword":1,"minecraft:dark_oak_trapdoor":1,"minecraft:dark_oak_pressure_plate":24,"minecraft:dark_oak_log":204,"minecraft:spider_eye":1,"minecraft:dirt":115,"minecraft:dark_oak_planks":59,"minecraft:diamond_chestplate":1,"minecraft:rotten_flesh":5,"minecraft:apple":1,"minecraft:diamond_leggings":1,"minecraft:diamond_boots":1,"minecraft:diamond_axe":1,"minecraft:diamond_helmet":1,"minecraft:dark_oak_stairs":24,"minecraft:cobblestone":170,"minecraft:diamond_pickaxe":1},"minecraft:killed":{"minecraft:zombie":2,"minecraft:spider":1},"minecraft:custom":{"minecraft:time_since_rest":6031,"minecraft:interact_with_furnace":1,"minecraft:sprint_one_cm":660,"minecraft:damage_taken":382,"minecraft:walk_one_cm":157122,"minecraft:mob_kills":3,"minecraft:damage_dealt":468,"minecraft:interact_with_crafting_table":15,"minecraft:fly_one_cm":442,"minecraft:open_chest":2,"minecraft:play_time":65789,"minecraft:deaths":1,"minecraft:sneak_time":11,"minecraft:jump":357,"minecraft:leave_game":11,"minecraft:time_since_death":5987,"minecraft:total_world_time":65789,"minecraft:climb_one_cm":2165,"minecraft:fall_one_cm":11373},"minecraft:mined":{"minecraft:dark_oak_planks":1,"minecraft:dark_oak_slab":12,"minecraft:dark_oak_leaves":39,"minecraft:dark_oak_log":146,"minecraft:birch_leaves":7,"minecraft:crafting_table":4,"minecraft:dark_oak_stairs":2,"minecraft:dark_oak_pressure_plate":4,"minecraft:grass_block":38,"minecraft:dirt":62,"minecraft:stone":89,"minecraft:oak_leaves":9},"minecraft:used":{"minecraft:dark_oak_planks":1,"minecraft:dark_oak_stairs":44,"minecraft:diamond_pickaxe":103,"minecraft:apple":1,"minecraft:ladder":2,"minecraft:chest":2,"minecraft:dark_oak_slab":238,"minecraft:diamond_axe":166,"minecraft:rotten_flesh":1,"minecraft:dark_oak_trapdoor":1,"minecraft:diamond_sword":49,"minecraft:dirt":74,"minecraft:crafting_table":5,"minecraft:dark_oak_pressure_plate":4,"minecraft:furnace":1,"minecraft:spider_eye":1}},"DataVersion":3337}